{"cameraMode":{"drawMode":0,"name":"Shaded","section":"Shading Mode"},"sceneLighting":true,"audioPlay":false,"sceneViewState":{"m_AlwaysRefresh":false,"showFog":true,"showSkybox":true,"showFlares":true,"showImageEffects":true,"showParticleSystems":true,"showVisualEffectGraphs":true,"m_FxEnabled":true},"in2DMode":false,"pivot":{"x":686.201904296875,"y":285.76153564453127,"z":51.52311706542969},"rotation":{"x":-0.061151355504989627,"y":0.0044869021512568,"z":0.0002746379468590021,"w":0.9981235861778259},"size":316.2277526855469,"orthographic":false}